{"learning_rate":0.001,"_timestamp":1.763818382916569e+09,"_step":990,"_wandb":{"runtime":1021},"_runtime":1021.827992138,"iteration":990,"train_loss":4.437946541902899}