{"dev_loss":5.718522598570888,"_wandb":{"runtime":4932},"_runtime":4932.975104446,"_step":3650,"iteration":3650,"train_loss":5.555940206573982,"learning_rate":0.001,"_timestamp":1.7638234335678358e+09}